ID,Status,Full_URL
10548,200,http://supersonictv.live:8080/006779/439866/10548
10550,200,http://supersonictv.live:8080/006779/439866/10550
10564,200,http://supersonictv.live:8080/006779/439866/10564
10579,200,http://supersonictv.live:8080/006779/439866/10579
10588,200,http://supersonictv.live:8080/006779/439866/10588
10589,200,http://supersonictv.live:8080/006779/439866/10589
10591,200,http://supersonictv.live:8080/006779/439866/10591
10592,200,http://supersonictv.live:8080/006779/439866/10592
10595,200,http://supersonictv.live:8080/006779/439866/10595
10600,200,http://supersonictv.live:8080/006779/439866/10600
12169,200,http://supersonictv.live:8080/006779/439866/12169
12197,200,http://supersonictv.live:8080/006779/439866/12197
12211,200,http://supersonictv.live:8080/006779/439866/12211
12252,200,http://supersonictv.live:8080/006779/439866/12252
12254,200,http://supersonictv.live:8080/006779/439866/12254
12275,200,http://supersonictv.live:8080/006779/439866/12275
12314,200,http://supersonictv.live:8080/006779/439866/12314
12323,200,http://supersonictv.live:8080/006779/439866/12323
13720,200,http://supersonictv.live:8080/006779/439866/13720
13726,200,http://supersonictv.live:8080/006779/439866/13726
13729,200,http://supersonictv.live:8080/006779/439866/13729
13734,200,http://supersonictv.live:8080/006779/439866/13734
13736,200,http://supersonictv.live:8080/006779/439866/13736
13739,200,http://supersonictv.live:8080/006779/439866/13739
13743,200,http://supersonictv.live:8080/006779/439866/13743
13749,200,http://supersonictv.live:8080/006779/439866/13749
